{"branches": 94.73684210526315, "coverage": 96.20476610767874}