{"branches": 61.8421052631579, "coverage": 69.53520478601013}