{"branches": 59.25925925925925, "coverage": 75.28314457028648}