{"branches": 1.0204081632653061, "coverage": 18.883248730964468}