{"branches": 60.256410256410255, "coverage": 68.3710407239819}