{"branches": 63.46153846153846, "coverage": 77.86998616874136}