{"branches": 61.8421052631579, "coverage": 71.13935969868173}