{"branches": 67.74193548387096, "coverage": 77.67467248908298}