{"branches": 59.25925925925925, "coverage": 75.58528428093646}