{"branches": 61.53846153846154, "coverage": 77.66323024054984}