{"branches": 61.8421052631579, "coverage": 69.66343937298294}