{"branches": 94.11764705882352, "coverage": 96.70861568247821}