{"branches": 61.111111111111114, "coverage": 79.83320697498104}