{"branches": 61.53846153846154, "coverage": 77.50342935528121}