{"branches": 63.46153846153846, "coverage": 86.65678280207561}