{"branches": 60.3448275862069, "coverage": 80.64024390243902}