{"branches": 67.74193548387096, "coverage": 77.12737127371274}