{"branches": 67.74193548387096, "coverage": 81.22146118721462}