{"branches": 60.256410256410255, "coverage": 68.27835517397199}