{"branches": 61.8421052631579, "coverage": 71.25777140124342}