{"branches": 60.3448275862069, "coverage": 79.3103448275862}