{"branches": 61.8421052631579, "coverage": 70.97537878787878}